ID;av_1;av_2;av_3;av_4;choice;ship_1;icms_1;time_1;cost_1;sea_1;freight_1;ship_2;icms_2;time_2;cost_2;sea_2;freight_2;ship_3;icms_3;time_3;cost_3;sea_3;freight_3;ship_4;icms_4;time_4;cost_4;sea_4;freight_4
1;1;1;1;1;4;2;0.12;5;2200;2150;1250;3;0.12;3;1500;2000;800;3;0.18;3;3300;1600;1650;1;0.04;7;2100;3000;880
1;1;1;1;1;3;3;0.04;7;1750;2600;840;3;0.04;7;1500;3000;1000;3;0.04;3;2600;2000;1650;1;0.18;5;2500;2000;880
1;1;1;1;1;2;1;0.04;7;1750;2150;1050;1;0.04;3;2400;2000;800;3;0.08;7;2600;2000;1650;3;0.18;3;2100;2500;1100
1;1;1;1;1;1;1;0.08;3;1750;2150;1250;1;0.08;3;1500;3000;800;3;0.04;3;3900;1600;1400;3;0.08;7;1600;2500;880
1;1;1;1;1;2;2;0.08;5;2200;2600;1050;1;0.08;3;2400;2500;800;3;0.12;5;3900;2000;1120;2;0.04;5;1600;2000;1100
1;1;1;1;1;1;3;0.04;3;2700;1750;840;3;0.04;7;2000;2000;1200;3;0.12;5;3300;2400;1400;1;0.12;5;1600;2500;880
1;1;1;1;1;1;1;0.12;5;2200;2600;1250;1;0.12;5;2000;3000;1200;3;0.18;3;2600;2400;1120;2;0.08;7;2500;2000;1300
1;1;1;1;1;4;2;0.18;3;2700;1750;1050;2;0.18;5;2400;2500;1000;3;0.08;7;2600;1600;1120;2;0.04;3;2100;3000;1300
1;1;1;1;1;1;1;0.08;3;1750;1750;840;2;0.08;7;1500;2000;1200;3;0.08;7;3300;1600;1400;3;0.08;3;2500;3000;1100
1;1;1;1;1;3;3;0.18;7;2700;1750;840;2;0.18;5;2000;2500;1000;3;0.04;5;3900;2400;1120;1;0.12;3;1600;2000;1300
2;1;1;1;1;4;2;0.12;5;2200;2150;1250;3;0.12;3;1500;2000;800;3;0.18;3;3300;1600;1650;1;0.04;7;2100;3000;880
2;1;1;1;1;1;3;0.04;7;1750;2600;840;3;0.04;7;1500;3000;1000;3;0.04;3;2600;2000;1650;1;0.18;5;2500;2000;880
2;1;1;1;1;1;1;0.04;7;1750;2150;1050;1;0.04;3;2400;2000;800;3;0.08;7;2600;2000;1650;3;0.18;3;2100;2500;1100
2;1;1;1;1;3;1;0.08;3;1750;2150;1250;1;0.08;3;1500;3000;800;3;0.04;3;3900;1600;1400;3;0.08;7;1600;2500;880
2;1;1;1;1;4;2;0.08;5;2200;2600;1050;1;0.08;3;2400;2500;800;3;0.12;5;3900;2000;1120;2;0.04;5;1600;2000;1100
2;1;1;1;1;1;3;0.04;3;2700;1750;840;3;0.04;7;2000;2000;1200;3;0.12;5;3300;2400;1400;1;0.12;5;1600;2500;880
2;1;1;1;1;4;1;0.12;5;2200;2600;1250;1;0.12;5;2000;3000;1200;3;0.18;3;2600;2400;1120;2;0.08;7;2500;2000;1300
2;1;1;1;1;3;2;0.18;3;2700;1750;1050;2;0.18;5;2400;2500;1000;3;0.08;7;2600;1600;1120;2;0.04;3;2100;3000;1300
2;1;1;1;1;1;1;0.08;3;1750;1750;840;2;0.08;7;1500;2000;1200;3;0.08;7;3300;1600;1400;3;0.08;3;2500;3000;1100
2;1;1;1;1;4;3;0.18;7;2700;1750;840;2;0.18;5;2000;2500;1000;3;0.04;5;3900;2400;1120;1;0.12;3;1600;2000;1300
3;1;1;1;1;2;2;0.12;5;2200;2150;1250;3;0.12;3;1500;2000;800;3;0.18;3;3300;1600;1650;1;0.04;7;2100;3000;880
3;1;1;1;1;3;3;0.04;7;1750;2600;840;3;0.04;7;1500;3000;1000;3;0.04;3;2600;2000;1650;1;0.18;5;2500;2000;880
3;1;1;1;1;4;1;0.04;7;1750;2150;1050;1;0.04;3;2400;2000;800;3;0.08;7;2600;2000;1650;3;0.18;3;2100;2500;1100
3;1;1;1;1;3;1;0.08;3;1750;2150;1250;1;0.08;3;1500;3000;800;3;0.04;3;3900;1600;1400;3;0.08;7;1600;2500;880
3;1;1;1;1;2;2;0.08;5;2200;2600;1050;1;0.08;3;2400;2500;800;3;0.12;5;3900;2000;1120;2;0.04;5;1600;2000;1100
3;1;1;1;1;1;3;0.04;3;2700;1750;840;3;0.04;7;2000;2000;1200;3;0.12;5;3300;2400;1400;1;0.12;5;1600;2500;880
3;1;1;1;1;3;1;0.12;5;2200;2600;1250;1;0.12;5;2000;3000;1200;3;0.18;3;2600;2400;1120;2;0.08;7;2500;2000;1300
3;1;1;1;1;4;2;0.18;3;2700;1750;1050;2;0.18;5;2400;2500;1000;3;0.08;7;2600;1600;1120;2;0.04;3;2100;3000;1300
3;1;1;1;1;4;1;0.08;3;1750;1750;840;2;0.08;7;1500;2000;1200;3;0.08;7;3300;1600;1400;3;0.08;3;2500;3000;1100
3;1;1;1;1;3;3;0.18;7;2700;1750;840;2;0.18;5;2000;2500;1000;3;0.04;5;3900;2400;1120;1;0.12;3;1600;2000;1300
4;1;1;1;1;1;2;0.12;5;2200;2150;1250;3;0.12;3;1500;2000;800;3;0.18;3;3300;1600;1650;1;0.04;7;2100;3000;880
4;1;1;1;1;3;3;0.04;7;1750;2600;840;3;0.04;7;1500;3000;1000;3;0.04;3;2600;2000;1650;1;0.18;5;2500;2000;880
4;1;1;1;1;2;1;0.04;7;1750;2150;1050;1;0.04;3;2400;2000;800;3;0.08;7;2600;2000;1650;3;0.18;3;2100;2500;1100
4;1;1;1;1;1;1;0.08;3;1750;2150;1250;1;0.08;3;1500;3000;800;3;0.04;3;3900;1600;1400;3;0.08;7;1600;2500;880
4;1;1;1;1;4;2;0.08;5;2200;2600;1050;1;0.08;3;2400;2500;800;3;0.12;5;3900;2000;1120;2;0.04;5;1600;2000;1100
4;1;1;1;1;2;3;0.04;3;2700;1750;840;3;0.04;7;2000;2000;1200;3;0.12;5;3300;2400;1400;1;0.12;5;1600;2500;880
4;1;1;1;1;3;1;0.12;5;2200;2600;1250;1;0.12;5;2000;3000;1200;3;0.18;3;2600;2400;1120;2;0.08;7;2500;2000;1300
4;1;1;1;1;1;2;0.18;3;2700;1750;1050;2;0.18;5;2400;2500;1000;3;0.08;7;2600;1600;1120;2;0.04;3;2100;3000;1300
4;1;1;1;1;1;1;0.08;3;1750;1750;840;2;0.08;7;1500;2000;1200;3;0.08;7;3300;1600;1400;3;0.08;3;2500;3000;1100
4;1;1;1;1;1;3;0.18;7;2700;1750;840;2;0.18;5;2000;2500;1000;3;0.04;5;3900;2400;1120;1;0.12;3;1600;2000;1300
5;1;1;1;1;4;2;0.12;5;2200;2150;1250;3;0.12;3;1500;2000;800;3;0.18;3;3300;1600;1650;1;0.04;7;2100;3000;880
5;1;1;1;1;3;3;0.04;7;1750;2600;840;3;0.04;7;1500;3000;1000;3;0.04;3;2600;2000;1650;1;0.18;5;2500;2000;880
5;1;1;1;1;3;1;0.04;7;1750;2150;1050;1;0.04;3;2400;2000;800;3;0.08;7;2600;2000;1650;3;0.18;3;2100;2500;1100
5;1;1;1;1;3;1;0.08;3;1750;2150;1250;1;0.08;3;1500;3000;800;3;0.04;3;3900;1600;1400;3;0.08;7;1600;2500;880
5;1;1;1;1;4;2;0.08;5;2200;2600;1050;1;0.08;3;2400;2500;800;3;0.12;5;3900;2000;1120;2;0.04;5;1600;2000;1100
5;1;1;1;1;1;3;0.04;3;2700;1750;840;3;0.04;7;2000;2000;1200;3;0.12;5;3300;2400;1400;1;0.12;5;1600;2500;880
5;1;1;1;1;3;1;0.12;5;2200;2600;1250;1;0.12;5;2000;3000;1200;3;0.18;3;2600;2400;1120;2;0.08;7;2500;2000;1300
5;1;1;1;1;4;2;0.18;3;2700;1750;1050;2;0.18;5;2400;2500;1000;3;0.08;7;2600;1600;1120;2;0.04;3;2100;3000;1300
5;1;1;1;1;4;1;0.08;3;1750;1750;840;2;0.08;7;1500;2000;1200;3;0.08;7;3300;1600;1400;3;0.08;3;2500;3000;1100
5;1;1;1;1;4;3;0.18;7;2700;1750;840;2;0.18;5;2000;2500;1000;3;0.04;5;3900;2400;1120;1;0.12;3;1600;2000;1300
6;1;1;1;1;2;2;0.12;5;2200;2150;1250;3;0.12;3;1500;2000;800;3;0.18;3;3300;1600;1650;1;0.04;7;2100;3000;880
6;1;1;1;1;1;3;0.04;7;1750;2600;840;3;0.04;7;1500;3000;1000;3;0.04;3;2600;2000;1650;1;0.18;5;2500;2000;880
6;1;1;1;1;3;1;0.04;7;1750;2150;1050;1;0.04;3;2400;2000;800;3;0.08;7;2600;2000;1650;3;0.18;3;2100;2500;1100
6;1;1;1;1;1;1;0.08;3;1750;2150;1250;1;0.08;3;1500;3000;800;3;0.04;3;3900;1600;1400;3;0.08;7;1600;2500;880
6;1;1;1;1;4;2;0.08;5;2200;2600;1050;1;0.08;3;2400;2500;800;3;0.12;5;3900;2000;1120;2;0.04;5;1600;2000;1100
6;1;1;1;1;2;3;0.04;3;2700;1750;840;3;0.04;7;2000;2000;1200;3;0.12;5;3300;2400;1400;1;0.12;5;1600;2500;880
6;1;1;1;1;1;1;0.12;5;2200;2600;1250;1;0.12;5;2000;3000;1200;3;0.18;3;2600;2400;1120;2;0.08;7;2500;2000;1300
6;1;1;1;1;3;2;0.18;3;2700;1750;1050;2;0.18;5;2400;2500;1000;3;0.08;7;2600;1600;1120;2;0.04;3;2100;3000;1300
6;1;1;1;1;1;1;0.08;3;1750;1750;840;2;0.08;7;1500;2000;1200;3;0.08;7;3300;1600;1400;3;0.08;3;2500;3000;1100
6;1;1;1;1;4;3;0.18;7;2700;1750;840;2;0.18;5;2000;2500;1000;3;0.04;5;3900;2400;1120;1;0.12;3;1600;2000;1300
7;1;1;1;1;3;2;0.12;5;2200;2150;1250;3;0.12;3;1500;2000;800;3;0.18;3;3300;1600;1650;1;0.04;7;2100;3000;880
7;1;1;1;1;4;3;0.04;7;1750;2600;840;3;0.04;7;1500;3000;1000;3;0.04;3;2600;2000;1650;1;0.18;5;2500;2000;880
7;1;1;1;1;4;1;0.04;7;1750;2150;1050;1;0.04;3;2400;2000;800;3;0.08;7;2600;2000;1650;3;0.18;3;2100;2500;1100
7;1;1;1;1;3;1;0.08;3;1750;2150;1250;1;0.08;3;1500;3000;800;3;0.04;3;3900;1600;1400;3;0.08;7;1600;2500;880
7;1;1;1;1;4;2;0.08;5;2200;2600;1050;1;0.08;3;2400;2500;800;3;0.12;5;3900;2000;1120;2;0.04;5;1600;2000;1100
7;1;1;1;1;2;3;0.04;3;2700;1750;840;3;0.04;7;2000;2000;1200;3;0.12;5;3300;2400;1400;1;0.12;5;1600;2500;880
7;1;1;1;1;3;1;0.12;5;2200;2600;1250;1;0.12;5;2000;3000;1200;3;0.18;3;2600;2400;1120;2;0.08;7;2500;2000;1300
7;1;1;1;1;3;2;0.18;3;2700;1750;1050;2;0.18;5;2400;2500;1000;3;0.08;7;2600;1600;1120;2;0.04;3;2100;3000;1300
7;1;1;1;1;1;1;0.08;3;1750;1750;840;2;0.08;7;1500;2000;1200;3;0.08;7;3300;1600;1400;3;0.08;3;2500;3000;1100
7;1;1;1;1;1;3;0.18;7;2700;1750;840;2;0.18;5;2000;2500;1000;3;0.04;5;3900;2400;1120;1;0.12;3;1600;2000;1300
8;1;1;1;1;2;2;0.12;5;2200;2150;1250;3;0.12;3;1500;2000;800;3;0.18;3;3300;1600;1650;1;0.04;7;2100;3000;880
8;1;1;1;1;3;3;0.04;7;1750;2600;840;3;0.04;7;1500;3000;1000;3;0.04;3;2600;2000;1650;1;0.18;5;2500;2000;880
8;1;1;1;1;2;1;0.04;7;1750;2150;1050;1;0.04;3;2400;2000;800;3;0.08;7;2600;2000;1650;3;0.18;3;2100;2500;1100
8;1;1;1;1;1;1;0.08;3;1750;2150;1250;1;0.08;3;1500;3000;800;3;0.04;3;3900;1600;1400;3;0.08;7;1600;2500;880
8;1;1;1;1;2;2;0.08;5;2200;2600;1050;1;0.08;3;2400;2500;800;3;0.12;5;3900;2000;1120;2;0.04;5;1600;2000;1100
8;1;1;1;1;1;3;0.04;3;2700;1750;840;3;0.04;7;2000;2000;1200;3;0.12;5;3300;2400;1400;1;0.12;5;1600;2500;880
8;1;1;1;1;1;1;0.12;5;2200;2600;1250;1;0.12;5;2000;3000;1200;3;0.18;3;2600;2400;1120;2;0.08;7;2500;2000;1300
8;1;1;1;1;4;2;0.18;3;2700;1750;1050;2;0.18;5;2400;2500;1000;3;0.08;7;2600;1600;1120;2;0.04;3;2100;3000;1300
8;1;1;1;1;1;1;0.08;3;1750;1750;840;2;0.08;7;1500;2000;1200;3;0.08;7;3300;1600;1400;3;0.08;3;2500;3000;1100
8;1;1;1;1;4;3;0.18;7;2700;1750;840;2;0.18;5;2000;2500;1000;3;0.04;5;3900;2400;1120;1;0.12;3;1600;2000;1300
9;1;1;1;1;2;2;0.12;5;2200;2150;1250;3;0.12;3;1500;2000;800;3;0.18;3;3300;1600;1650;1;0.04;7;2100;3000;880
9;1;1;1;1;1;3;0.04;7;1750;2600;840;3;0.04;7;1500;3000;1000;3;0.04;3;2600;2000;1650;1;0.18;5;2500;2000;880
9;1;1;1;1;2;1;0.04;7;1750;2150;1050;1;0.04;3;2400;2000;800;3;0.08;7;2600;2000;1650;3;0.18;3;2100;2500;1100
9;1;1;1;1;2;1;0.08;3;1750;2150;1250;1;0.08;3;1500;3000;800;3;0.04;3;3900;1600;1400;3;0.08;7;1600;2500;880
9;1;1;1;1;4;2;0.08;5;2200;2600;1050;1;0.08;3;2400;2500;800;3;0.12;5;3900;2000;1120;2;0.04;5;1600;2000;1100
9;1;1;1;1;1;3;0.04;3;2700;1750;840;3;0.04;7;2000;2000;1200;3;0.12;5;3300;2400;1400;1;0.12;5;1600;2500;880
9;1;1;1;1;4;1;0.12;5;2200;2600;1250;1;0.12;5;2000;3000;1200;3;0.18;3;2600;2400;1120;2;0.08;7;2500;2000;1300
9;1;1;1;1;4;2;0.18;3;2700;1750;1050;2;0.18;5;2400;2500;1000;3;0.08;7;2600;1600;1120;2;0.04;3;2100;3000;1300
9;1;1;1;1;2;1;0.08;3;1750;1750;840;2;0.08;7;1500;2000;1200;3;0.08;7;3300;1600;1400;3;0.08;3;2500;3000;1100
9;1;1;1;1;4;3;0.18;7;2700;1750;840;2;0.18;5;2000;2500;1000;3;0.04;5;3900;2400;1120;1;0.12;3;1600;2000;1300
10;1;1;1;1;2;2;0.12;5;2200;2150;1250;3;0.12;3;1500;2000;800;3;0.18;3;3300;1600;1650;1;0.04;7;2100;3000;880
10;1;1;1;1;2;3;0.04;7;1750;2600;840;3;0.04;7;1500;3000;1000;3;0.04;3;2600;2000;1650;1;0.18;5;2500;2000;880
10;1;1;1;1;2;1;0.04;7;1750;2150;1050;1;0.04;3;2400;2000;800;3;0.08;7;2600;2000;1650;3;0.18;3;2100;2500;1100
10;1;1;1;1;2;1;0.08;3;1750;2150;1250;1;0.08;3;1500;3000;800;3;0.04;3;3900;1600;1400;3;0.08;7;1600;2500;880
10;1;1;1;1;2;2;0.08;5;2200;2600;1050;1;0.08;3;2400;2500;800;3;0.12;5;3900;2000;1120;2;0.04;5;1600;2000;1100
10;1;1;1;1;2;3;0.04;3;2700;1750;840;3;0.04;7;2000;2000;1200;3;0.12;5;3300;2400;1400;1;0.12;5;1600;2500;880
10;1;1;1;1;2;1;0.12;5;2200;2600;1250;1;0.12;5;2000;3000;1200;3;0.18;3;2600;2400;1120;2;0.08;7;2500;2000;1300
10;1;1;1;1;2;2;0.18;3;2700;1750;1050;2;0.18;5;2400;2500;1000;3;0.08;7;2600;1600;1120;2;0.04;3;2100;3000;1300
10;1;1;1;1;2;1;0.08;3;1750;1750;840;2;0.08;7;1500;2000;1200;3;0.08;7;3300;1600;1400;3;0.08;3;2500;3000;1100
10;1;1;1;1;1;3;0.18;7;2700;1750;840;2;0.18;5;2000;2500;1000;3;0.04;5;3900;2400;1120;1;0.12;3;1600;2000;1300
11;1;1;1;1;4;2;0.12;5;2200;2150;1250;3;0.12;3;1500;2000;800;3;0.18;3;3300;1600;1650;1;0.04;7;2100;3000;880
11;1;1;1;1;1;3;0.04;7;1750;2600;840;3;0.04;7;1500;3000;1000;3;0.04;3;2600;2000;1650;1;0.18;5;2500;2000;880
11;1;1;1;1;1;1;0.04;7;1750;2150;1050;1;0.04;3;2400;2000;800;3;0.08;7;2600;2000;1650;3;0.18;3;2100;2500;1100
11;1;1;1;1;3;1;0.08;3;1750;2150;1250;1;0.08;3;1500;3000;800;3;0.04;3;3900;1600;1400;3;0.08;7;1600;2500;880
11;1;1;1;1;4;2;0.08;5;2200;2600;1050;1;0.08;3;2400;2500;800;3;0.12;5;3900;2000;1120;2;0.04;5;1600;2000;1100
11;1;1;1;1;2;3;0.04;3;2700;1750;840;3;0.04;7;2000;2000;1200;3;0.12;5;3300;2400;1400;1;0.12;5;1600;2500;880
11;1;1;1;1;4;1;0.12;5;2200;2600;1250;1;0.12;5;2000;3000;1200;3;0.18;3;2600;2400;1120;2;0.08;7;2500;2000;1300
11;1;1;1;1;4;2;0.18;3;2700;1750;1050;2;0.18;5;2400;2500;1000;3;0.08;7;2600;1600;1120;2;0.04;3;2100;3000;1300
11;1;1;1;1;1;1;0.08;3;1750;1750;840;2;0.08;7;1500;2000;1200;3;0.08;7;3300;1600;1400;3;0.08;3;2500;3000;1100
11;1;1;1;1;3;3;0.18;7;2700;1750;840;2;0.18;5;2000;2500;1000;3;0.04;5;3900;2400;1120;1;0.12;3;1600;2000;1300
12;1;1;1;1;2;3;0.04;3;2700;2600;1080;3;0.04;7;1500;2000;1000;3;0.12;5;3300;2000;1980;1;0.12;3;1600;2000;1740
12;1;1;1;1;1;1;0.12;5;1750;1750;1080;1;0.12;3;1500;3000;1000;3;0.18;5;3300;2400;1650;3;0.04;5;2100;2500;1740
12;1;1;1;1;1;3;0.08;3;1750;1750;1350;2;0.08;5;1500;3000;1500;3;0.08;3;3300;2000;1980;1;0.08;7;2500;2500;1160
12;1;1;1;1;3;1;0.12;3;2200;2150;1620;2;0.12;7;2400;2500;1250;3;0.04;7;2600;2400;1320;2;0.12;3;2500;2000;1450
12;1;1;1;1;2;1;0.04;5;1750;2600;1620;1;0.04;3;2400;2000;1000;3;0.04;7;2600;1600;1980;3;0.18;5;2100;3000;1160
12;1;1;1;1;2;2;0.18;7;2700;2150;1080;3;0.18;3;2400;2000;1000;3;0.08;7;3900;1600;1650;1;0.08;3;1600;2500;1450
12;1;1;1;1;3;2;0.08;5;2200;2150;1620;1;0.08;7;2000;2000;1250;3;0.12;3;2600;1600;1320;2;0.04;5;2500;3000;1160
12;1;1;1;1;2;3;0.04;7;2700;1750;1350;3;0.04;3;1500;3000;1500;3;0.18;3;2600;2400;1320;1;0.08;7;2100;2000;1740
12;1;1;1;1;4;2;0.18;3;2200;1750;1350;2;0.18;5;2000;2500;1250;3;0.08;5;3900;1600;1320;2;0.04;3;1600;3000;1450
12;1;1;1;1;4;1;0.08;7;1750;2600;1080;1;0.08;5;2000;2500;1500;3;0.04;3;3900;2000;1650;3;0.18;7;1600;2000;1160
13;1;1;1;1;2;3;0.18;3;1750;1750;1200;3;0.18;3;1500;2000;1100;3;0.08;5;3300;1600;1500;1;0.08;5;2100;3000;1080
13;1;1;1;1;4;2;0.12;5;2200;2150;1440;2;0.12;5;2000;2500;1320;3;0.08;7;2600;2400;1000;1;0.04;3;2500;2000;1350
13;1;1;1;1;2;2;0.08;5;1750;2600;1440;1;0.08;3;1500;3000;880;3;0.18;3;3900;2000;1000;2;0.04;7;1600;2000;1620
13;1;1;1;1;3;3;0.18;3;2700;2150;960;1;0.18;3;2400;2000;880;3;0.04;7;2600;2000;1250;2;0.12;3;2100;2500;1620
13;1;1;1;1;1;1;0.08;3;1750;1750;1440;3;0.08;5;2000;2500;1320;3;0.04;5;3900;2400;1000;3;0.18;5;1600;2000;1080
13;1;1;1;1;3;2;0.12;5;2200;2150;1200;1;0.12;5;1500;3000;880;3;0.04;3;2600;1600;1250;2;0.12;5;2500;2500;1080
13;1;1;1;1;2;3;0.04;7;2700;1750;960;1;0.04;7;1500;2000;1100;3;0.12;5;3300;2000;1500;1;0.18;3;1600;2500;1350
13;1;1;1;1;2;1;0.04;7;2200;2600;1200;3;0.04;3;2400;2000;880;3;0.12;3;2600;2400;1250;1;0.08;7;2500;2000;1350
13;1;1;1;1;1;1;0.04;3;1750;1750;960;2;0.04;7;2000;2500;1320;3;0.08;3;3900;1600;1500;3;0.08;7;2100;3000;1080
13;1;1;1;1;4;1;0.08;7;2700;2600;960;2;0.08;7;2400;3000;1100;3;0.18;7;3300;1600;1000;3;0.04;3;1600;3000;1620
14;1;1;1;1;3;2;0.18;7;2700;2150;200;3;0.18;3;1500;2000;300;3;0.04;7;3300;2000;800;1;0.04;3;2100;3000;1300
14;1;1;1;1;4;1;0.08;3;2200;2600;200;1;0.08;7;2000;3000;250;3;0.08;5;2600;1600;800;3;0.12;3;2500;2000;1300
14;1;1;1;1;3;3;0.04;7;2700;2150;200;1;0.04;3;2400;2000;250;3;0.18;3;2600;2400;800;1;0.12;5;1600;2500;1300
14;1;1;1;1;2;3;0.04;5;1750;1750;300;2;0.04;7;1500;2500;350;3;0.12;3;3900;1600;800;1;0.18;5;2100;3000;1100
14;1;1;1;1;4;3;0.08;3;1750;2600;200;1;0.08;7;2000;2500;350;3;0.04;3;3300;2000;1100;2;0.18;7;2100;2000;900
14;1;1;1;1;2;1;0.18;7;2200;1750;300;3;0.18;3;2000;3000;300;3;0.04;5;2600;1600;1100;2;0.04;3;2500;2500;900
14;1;1;1;1;3;2;0.08;5;2200;2600;250;3;0.08;5;1500;3000;300;3;0.12;7;3900;1600;1100;1;0.08;3;1600;2000;900
14;1;1;1;1;3;1;0.12;3;2700;2150;250;1;0.12;5;1500;2500;250;3;0.08;3;3900;2400;950;3;0.08;7;1600;2000;1100
14;1;1;1;1;3;1;0.04;5;1750;1750;250;2;0.04;3;2400;2000;250;3;0.18;5;2600;2000;950;3;0.08;7;2500;3000;1100
14;1;1;1;1;4;2;0.12;3;1750;1750;300;2;0.12;5;2400;2000;350;3;0.08;7;3300;2400;950;2;0.04;5;1600;2500;900
15;1;1;1;1;2;2;0.18;7;2700;2150;200;3;0.18;3;1500;2000;300;3;0.04;7;3300;2000;800;1;0.04;3;2100;3000;1300
15;1;1;1;1;1;1;0.08;3;2200;2600;200;1;0.08;7;2000;3000;250;3;0.08;5;2600;1600;800;3;0.12;3;2500;2000;1300
15;1;1;1;1;3;3;0.04;7;2700;2150;200;1;0.04;3;2400;2000;250;3;0.18;3;2600;2400;800;1;0.12;5;1600;2500;1300
15;1;1;1;1;1;3;0.04;5;1750;1750;300;2;0.04;7;1500;2500;350;3;0.12;3;3900;1600;800;1;0.18;5;2100;3000;1100
15;1;1;1;1;2;3;0.08;3;1750;2600;200;1;0.08;7;2000;2500;350;3;0.04;3;3300;2000;1100;2;0.18;7;2100;2000;900
15;1;1;1;1;1;1;0.18;7;2200;1750;300;3;0.18;3;2000;3000;300;3;0.04;5;2600;1600;1100;2;0.04;3;2500;2500;900
15;1;1;1;1;2;2;0.08;5;2200;2600;250;3;0.08;5;1500;3000;300;3;0.12;7;3900;1600;1100;1;0.08;3;1600;2000;900
15;1;1;1;1;2;1;0.12;3;2700;2150;250;1;0.12;5;1500;2500;250;3;0.08;3;3900;2400;950;3;0.08;7;1600;2000;1100
15;1;1;1;1;1;1;0.04;5;1750;1750;250;2;0.04;3;2400;2000;250;3;0.18;5;2600;2000;950;3;0.08;7;2500;3000;1100
15;1;1;1;1;3;2;0.12;3;1750;1750;300;2;0.12;5;2400;2000;350;3;0.08;7;3300;2400;950;2;0.04;5;1600;2500;900
16;1;1;1;1;2;1;0.04;5;1750;2600;640;3;0.04;7;1500;3000;680;3;0.18;3;3900;1600;1020;2;0.18;5;2100;3000;1980
16;1;1;1;1;1;4;0.18;3;1750;1750;640;1;0.18;5;2000;2500;1020;3;0.08;7;3900;2400;680;3;0.04;3;1600;2000;1980
16;1;1;1;1;1;3;0.12;7;1750;1750;640;2;0.12;5;2000;2500;850;3;0.04;3;3300;2000;850;1;0.18;5;1600;2000;1650
16;1;1;1;1;3;2;0.12;3;2700;2150;800;2;0.12;5;2000;3000;850;3;0.08;5;2600;1600;680;2;0.08;3;2500;2500;1650
16;1;1;1;1;1;3;0.04;3;1750;2600;960;3;0.04;3;2400;3000;1020;3;0.18;5;2600;2000;680;1;0.04;7;2500;2000;1320
16;1;1;1;1;2;2;0.04;7;2700;2600;960;1;0.04;3;2400;2000;680;3;0.12;7;2600;1600;1020;3;0.12;3;2500;3000;1320
16;1;1;1;1;1;3;0.08;3;2700;1750;640;1;0.08;3;1500;2000;1020;3;0.08;5;2600;2400;850;1;0.08;5;2100;2500;1980
16;1;1;1;1;1;1;0.08;5;2200;2150;960;1;0.08;7;2400;2500;850;3;0.12;3;3300;2400;850;3;0.04;7;1600;2000;1320
16;1;1;1;1;2;2;0.08;7;2200;1750;800;2;0.08;7;1500;2000;680;3;0.04;3;3300;2000;680;2;0.12;7;2100;2500;1650
16;1;1;1;1;2;1;0.18;5;2200;2150;800;3;0.18;3;1500;2000;680;3;0.04;7;3900;1600;1020;1;0.08;3;1600;3000;1320
17;1;1;1;1;1;1;0.04;5;1750;2600;640;3;0.04;7;1500;3000;680;3;0.18;3;3900;1600;1020;2;0.18;5;2100;3000;1980
17;1;1;1;1;4;1;0.18;3;1750;1750;640;1;0.18;5;2000;2500;1020;3;0.08;7;3900;2400;680;3;0.04;3;1600;2000;1980
17;1;1;1;1;3;3;0.12;7;1750;1750;640;2;0.12;5;2000;2500;850;3;0.04;3;3300;2000;850;1;0.18;5;1600;2000;1650
17;1;1;1;1;3;2;0.12;3;2700;2150;800;2;0.12;5;2000;3000;850;3;0.08;5;2600;1600;680;2;0.08;3;2500;2500;1650
17;1;1;1;1;1;3;0.04;3;1750;2600;960;3;0.04;3;2400;3000;1020;3;0.18;5;2600;2000;680;1;0.04;7;2500;2000;1320
17;1;1;1;1;2;2;0.04;7;2700;2600;960;1;0.04;3;2400;2000;680;3;0.12;7;2600;1600;1020;3;0.12;3;2500;3000;1320
17;1;1;1;1;1;3;0.08;3;2700;1750;640;1;0.08;3;1500;2000;1020;3;0.08;5;2600;2400;850;1;0.08;5;2100;2500;1980
17;1;1;1;1;4;1;0.08;5;2200;2150;960;1;0.08;7;2400;2500;850;3;0.12;3;3300;2400;850;3;0.04;7;1600;2000;1320
17;1;1;1;1;3;2;0.08;7;2200;1750;800;2;0.08;7;1500;2000;680;3;0.04;3;3300;2000;680;2;0.12;7;2100;2500;1650
17;1;1;1;1;3;1;0.18;5;2200;2150;800;3;0.18;3;1500;2000;680;3;0.04;7;3900;1600;1020;1;0.08;3;1600;3000;1320
18;1;1;1;1;1;3;0.04;7;1750;1750;1600;1;0.04;5;1500;2000;1640;3;0.08;3;3900;2400;1740;1;0.18;5;1600;2500;2200
18;1;1;1;1;2;1;0.04;5;2200;2150;2400;3;0.04;3;1500;3000;1640;3;0.18;5;3900;2000;1450;1;0.04;7;1600;2000;2200
18;1;1;1;1;3;2;0.18;7;2200;2600;2400;2;0.18;7;2400;3000;2460;3;0.04;3;3300;1600;1160;2;0.12;5;2100;2500;2200
18;1;1;1;1;3;2;0.12;5;2200;2150;2400;2;0.12;5;2000;2500;2050;3;0.04;5;2600;1600;1160;1;0.08;5;2100;3000;1760
18;1;1;1;1;2;2;0.08;5;1750;2150;2000;3;0.08;5;2400;2000;1640;3;0.08;3;3300;2000;1160;2;0.12;7;2100;2500;2640
18;1;1;1;1;3;1;0.08;7;2700;1750;2000;1;0.08;7;2000;2500;2050;3;0.04;5;2600;2400;1740;3;0.18;3;2500;2000;1760
18;1;1;1;1;4;1;0.18;3;1750;1750;1600;1;0.18;3;1500;2000;1640;3;0.08;7;3900;2000;1450;3;0.08;3;1600;2000;2640
18;1;1;1;1;1;1;0.04;3;2700;1750;1600;1;0.04;3;2400;2000;2050;3;0.18;7;2600;2400;1160;3;0.04;3;2500;2000;2640
18;1;1;1;1;4;3;0.08;3;2700;2600;1600;2;0.08;7;2000;3000;2460;3;0.12;3;2600;1600;1740;2;0.04;7;2500;3000;1760
18;1;1;1;1;4;3;0.12;3;1750;2600;2000;3;0.12;3;1500;2500;2460;3;0.12;7;3300;1600;1450;1;0.08;3;1600;3000;1760
19;1;1;1;1;3;1;0.04;7;1750;2600;1040;3;0.04;7;1500;3000;960;3;0.12;7;3300;2400;1800;1;0.18;3;2100;2000;1200
19;1;1;1;1;4;1;0.04;3;1750;2150;1560;1;0.04;3;1500;2000;1200;3;0.04;5;2600;1600;2160;3;0.18;7;2500;3000;800
19;1;1;1;1;3;3;0.08;7;1750;1750;1040;2;0.08;7;2000;2000;1440;3;0.18;3;2600;1600;1440;1;0.04;3;2500;3000;1200
19;1;1;1;1;4;3;0.08;3;2700;1750;1300;2;0.08;5;2400;2500;1200;3;0.12;5;3300;2000;1800;2;0.04;5;1600;2500;800
19;1;1;1;1;2;2;0.18;5;2200;2600;1560;3;0.18;3;1500;2000;960;3;0.04;3;2600;2400;1440;1;0.08;7;2500;2000;1000
19;1;1;1;1;4;1;0.08;5;2700;2150;1300;1;0.08;3;1500;3000;960;3;0.08;3;3900;2400;1440;3;0.08;5;1600;2000;1000
19;1;1;1;1;4;2;0.12;5;2200;2150;1300;2;0.12;5;2000;2500;1200;3;0.08;7;2600;2000;1800;2;0.08;3;2100;2500;800
19;1;1;1;1;4;2;0.12;7;2200;2600;1560;1;0.12;7;2000;3000;1440;3;0.18;5;3300;2000;2160;2;0.04;3;2100;2000;800
19;1;1;1;1;1;3;0.04;3;2700;1750;1040;3;0.04;5;2400;2000;1440;3;0.08;3;3900;1600;2160;1;0.12;7;1600;2500;1000
19;1;1;1;1;1;1;0.18;3;1750;1750;1040;1;0.18;3;2400;2500;960;3;0.04;7;3900;1600;1440;3;0.12;5;1600;3000;1200
20;1;1;1;1;3;1;0.04;7;1750;2600;1040;3;0.04;7;1500;3000;960;3;0.12;7;3300;2400;1800;1;0.18;3;2100;2000;1200
20;1;1;1;1;2;1;0.04;3;1750;2150;1560;1;0.04;3;1500;2000;1200;3;0.04;5;2600;1600;2160;3;0.18;7;2500;3000;800
20;1;1;1;1;3;3;0.08;7;1750;1750;1040;2;0.08;7;2000;2000;1440;3;0.18;3;2600;1600;1440;1;0.04;3;2500;3000;1200
20;1;1;1;1;3;3;0.08;3;2700;1750;1300;2;0.08;5;2400;2500;1200;3;0.12;5;3300;2000;1800;2;0.04;5;1600;2500;800
20;1;1;1;1;4;2;0.18;5;2200;2600;1560;3;0.18;3;1500;2000;960;3;0.04;3;2600;2400;1440;1;0.08;7;2500;2000;1000
20;1;1;1;1;2;1;0.08;5;2700;2150;1300;1;0.08;3;1500;3000;960;3;0.08;3;3900;2400;1440;3;0.08;5;1600;2000;1000
20;1;1;1;1;4;2;0.12;5;2200;2150;1300;2;0.12;5;2000;2500;1200;3;0.08;7;2600;2000;1800;2;0.08;3;2100;2500;800
20;1;1;1;1;3;2;0.12;7;2200;2600;1560;1;0.12;7;2000;3000;1440;3;0.18;5;3300;2000;2160;2;0.04;3;2100;2000;800
20;1;1;1;1;3;3;0.04;3;2700;1750;1040;3;0.04;5;2400;2000;1440;3;0.08;3;3900;1600;2160;1;0.12;7;1600;2500;1000
20;1;1;1;1;3;1;0.18;3;1750;1750;1040;1;0.18;3;2400;2500;960;3;0.04;7;3900;1600;1440;3;0.12;5;1600;3000;1200
21;1;1;1;1;2;2;0.12;5;2200;2150;1250;3;0.12;3;1500;2000;800;3;0.18;3;3300;1600;1650;1;0.04;7;2100;3000;880
21;1;1;1;1;3;3;0.04;7;1750;2600;840;3;0.04;7;1500;3000;1000;3;0.04;3;2600;2000;1650;1;0.18;5;2500;2000;880
21;1;1;1;1;2;1;0.04;7;1750;2150;1050;1;0.04;3;2400;2000;800;3;0.08;7;2600;2000;1650;3;0.18;3;2100;2500;1100
21;1;1;1;1;3;1;0.08;3;1750;2150;1250;1;0.08;3;1500;3000;800;3;0.04;3;3900;1600;1400;3;0.08;7;1600;2500;880
21;1;1;1;1;1;2;0.08;5;2200;2600;1050;1;0.08;3;2400;2500;800;3;0.12;5;3900;2000;1120;2;0.04;5;1600;2000;1100
21;1;1;1;1;1;3;0.04;3;2700;1750;840;3;0.04;7;2000;2000;1200;3;0.12;5;3300;2400;1400;1;0.12;5;1600;2500;880
21;1;1;1;1;4;1;0.12;5;2200;2600;1250;1;0.12;5;2000;3000;1200;3;0.18;3;2600;2400;1120;2;0.08;7;2500;2000;1300
21;1;1;1;1;4;2;0.18;3;2700;1750;1050;2;0.18;5;2400;2500;1000;3;0.08;7;2600;1600;1120;2;0.04;3;2100;3000;1300
21;1;1;1;1;1;1;0.08;3;1750;1750;840;2;0.08;7;1500;2000;1200;3;0.08;7;3300;1600;1400;3;0.08;3;2500;3000;1100
21;1;1;1;1;3;3;0.18;7;2700;1750;840;2;0.18;5;2000;2500;1000;3;0.04;5;3900;2400;1120;1;0.12;3;1600;2000;1300
22;1;1;1;1;2;2;0.12;5;2200;2150;1250;3;0.12;3;1500;2000;800;3;0.18;3;3300;1600;1650;1;0.04;7;2100;3000;880
22;1;1;1;1;2;3;0.04;7;1750;2600;840;3;0.04;7;1500;3000;1000;3;0.04;3;2600;2000;1650;1;0.18;5;2500;2000;880
22;1;1;1;1;2;1;0.04;7;1750;2150;1050;1;0.04;3;2400;2000;800;3;0.08;7;2600;2000;1650;3;0.18;3;2100;2500;1100
22;1;1;1;1;2;1;0.08;3;1750;2150;1250;1;0.08;3;1500;3000;800;3;0.04;3;3900;1600;1400;3;0.08;7;1600;2500;880
22;1;1;1;1;2;2;0.08;5;2200;2600;1050;1;0.08;3;2400;2500;800;3;0.12;5;3900;2000;1120;2;0.04;5;1600;2000;1100
22;1;1;1;1;2;3;0.04;3;2700;1750;840;3;0.04;7;2000;2000;1200;3;0.12;5;3300;2400;1400;1;0.12;5;1600;2500;880
22;1;1;1;1;4;1;0.12;5;2200;2600;1250;1;0.12;5;2000;3000;1200;3;0.18;3;2600;2400;1120;2;0.08;7;2500;2000;1300
22;1;1;1;1;4;2;0.18;3;2700;1750;1050;2;0.18;5;2400;2500;1000;3;0.08;7;2600;1600;1120;2;0.04;3;2100;3000;1300
22;1;1;1;1;2;1;0.08;3;1750;1750;840;2;0.08;7;1500;2000;1200;3;0.08;7;3300;1600;1400;3;0.08;3;2500;3000;1100
22;1;1;1;1;3;3;0.18;7;2700;1750;840;2;0.18;5;2000;2500;1000;3;0.04;5;3900;2400;1120;1;0.12;3;1600;2000;1300
23;1;1;1;1;3;1;0.04;7;1750;2600;1040;3;0.04;7;1500;3000;960;3;0.12;7;3300;2400;1800;1;0.18;3;2100;2000;1200
23;1;1;1;1;3;1;0.04;3;1750;2150;1560;1;0.04;3;1500;2000;1200;3;0.04;5;2600;1600;2160;3;0.18;7;2500;3000;800
23;1;1;1;1;3;3;0.08;7;1750;1750;1040;2;0.08;7;2000;2000;1440;3;0.18;3;2600;1600;1440;1;0.04;3;2500;3000;1200
23;1;1;1;1;4;3;0.08;3;2700;1750;1300;2;0.08;5;2400;2500;1200;3;0.12;5;3300;2000;1800;2;0.04;5;1600;2500;800
23;1;1;1;1;2;2;0.18;5;2200;2600;1560;3;0.18;3;1500;2000;960;3;0.04;3;2600;2400;1440;1;0.08;7;2500;2000;1000
23;1;1;1;1;4;1;0.08;5;2700;2150;1300;1;0.08;3;1500;3000;960;3;0.08;3;3900;2400;1440;3;0.08;5;1600;2000;1000
23;1;1;1;1;4;2;0.12;5;2200;2150;1300;2;0.12;5;2000;2500;1200;3;0.08;7;2600;2000;1800;2;0.08;3;2100;2500;800
23;1;1;1;1;4;2;0.12;7;2200;2600;1560;1;0.12;7;2000;3000;1440;3;0.18;5;3300;2000;2160;2;0.04;3;2100;2000;800
23;1;1;1;1;1;3;0.04;3;2700;1750;1040;3;0.04;5;2400;2000;1440;3;0.08;3;3900;1600;2160;1;0.12;7;1600;2500;1000
23;1;1;1;1;1;1;0.18;3;1750;1750;1040;1;0.18;3;2400;2500;960;3;0.04;7;3900;1600;1440;3;0.12;5;1600;3000;1200
24;1;1;1;1;2;2;0.12;5;2200;2150;1250;3;0.12;3;1500;2000;800;3;0.18;3;3300;1600;1650;1;0.04;7;2100;3000;880
24;1;1;1;1;1;3;0.04;7;1750;2600;840;3;0.04;7;1500;3000;1000;3;0.04;3;2600;2000;1650;1;0.18;5;2500;2000;880
24;1;1;1;1;3;1;0.04;7;1750;2150;1050;1;0.04;3;2400;2000;800;3;0.08;7;2600;2000;1650;3;0.18;3;2100;2500;1100
24;1;1;1;1;1;1;0.08;3;1750;2150;1250;1;0.08;3;1500;3000;800;3;0.04;3;3900;1600;1400;3;0.08;7;1600;2500;880
24;1;1;1;1;4;2;0.08;5;2200;2600;1050;1;0.08;3;2400;2500;800;3;0.12;5;3900;2000;1120;2;0.04;5;1600;2000;1100
24;1;1;1;1;1;3;0.04;3;2700;1750;840;3;0.04;7;2000;2000;1200;3;0.12;5;3300;2400;1400;1;0.12;5;1600;2500;880
24;1;1;1;1;4;1;0.12;5;2200;2600;1250;1;0.12;5;2000;3000;1200;3;0.18;3;2600;2400;1120;2;0.08;7;2500;2000;1300
24;1;1;1;1;3;2;0.18;3;2700;1750;1050;2;0.18;5;2400;2500;1000;3;0.08;7;2600;1600;1120;2;0.04;3;2100;3000;1300
24;1;1;1;1;1;1;0.08;3;1750;1750;840;2;0.08;7;1500;2000;1200;3;0.08;7;3300;1600;1400;3;0.08;3;2500;3000;1100
24;1;1;1;1;4;3;0.18;7;2700;1750;840;2;0.18;5;2000;2500;1000;3;0.04;5;3900;2400;1120;1;0.12;3;1600;2000;1300
25;1;1;1;1;4;2;0.08;7;1750;1750;550;1;0.08;3;1500;2000;350;3;0.12;7;3900;2400;1100;3;0.08;3;2100;3000;1050
25;1;1;1;1;3;1;0.12;5;1750;2600;450;3;0.12;5;2000;2000;250;3;0.08;3;3300;2400;1300;2;0.08;5;2500;2000;1050
25;1;1;1;1;2;2;0.08;7;2200;2600;350;2;0.08;3;2000;2000;250;3;0.08;3;2600;2000;1550;1;0.12;7;2500;2500;1050
25;1;1;1;1;3;3;0.12;7;1750;1750;450;2;0.12;5;2400;3000;250;3;0.04;3;3300;2000;1550;1;0.08;5;2100;2000;850
25;1;1;1;1;1;3;0.04;3;2700;1750;350;2;0.04;7;1500;2500;350;3;0.12;7;3300;1600;1100;1;0.18;3;1600;3000;1250
25;1;1;1;1;4;1;0.08;5;2200;2150;350;1;0.08;5;1500;2000;300;3;0.18;5;3900;1600;1550;3;0.04;3;1600;3000;850
25;1;1;1;1;4;2;0.04;5;2700;2600;450;1;0.04;3;2400;2500;250;3;0.18;3;2600;2000;1100;3;0.12;7;1600;2000;1250
25;1;1;1;1;1;1;0.04;3;2200;2150;550;3;0.04;7;1500;3000;350;3;0.08;5;3900;1600;1300;2;0.18;5;1600;2500;850
25;1;1;1;1;4;3;0.18;3;2700;2150;550;1;0.18;7;2000;3000;300;3;0.04;7;2600;1600;1300;2;0.04;3;2100;2000;850
25;1;1;1;1;3;1;0.18;3;1750;1750;350;3;0.18;3;2400;2500;300;3;0.04;5;2600;2400;1100;1;0.04;7;2500;2500;1250
26;1;1;1;1;4;2;0.08;7;1750;1750;550;1;0.08;3;1500;2000;350;3;0.12;7;3900;2400;1100;3;0.08;3;2100;3000;1050
26;1;1;1;1;4;1;0.12;5;1750;2600;450;3;0.12;5;2000;2000;250;3;0.08;3;3300;2400;1300;2;0.08;5;2500;2000;1050
26;1;1;1;1;2;2;0.08;7;2200;2600;350;2;0.08;3;2000;2000;250;3;0.08;3;2600;2000;1550;1;0.12;7;2500;2500;1050
26;1;1;1;1;3;3;0.12;7;1750;1750;450;2;0.12;5;2400;3000;250;3;0.04;3;3300;2000;1550;1;0.08;5;2100;2000;850
26;1;1;1;1;1;3;0.04;3;2700;1750;350;2;0.04;7;1500;2500;350;3;0.12;7;3300;1600;1100;1;0.18;3;1600;3000;1250
26;1;1;1;1;4;1;0.08;5;2200;2150;350;1;0.08;5;1500;2000;300;3;0.18;5;3900;1600;1550;3;0.04;3;1600;3000;850
26;1;1;1;1;3;2;0.04;5;2700;2600;450;1;0.04;3;2400;2500;250;3;0.18;3;2600;2000;1100;3;0.12;7;1600;2000;1250
26;1;1;1;1;1;1;0.04;3;2200;2150;550;3;0.04;7;1500;3000;350;3;0.08;5;3900;1600;1300;2;0.18;5;1600;2500;850
26;1;1;1;1;4;3;0.18;3;2700;2150;550;1;0.18;7;2000;3000;300;3;0.04;7;2600;1600;1300;2;0.04;3;2100;2000;850
26;1;1;1;1;3;1;0.18;3;1750;1750;350;3;0.18;3;2400;2500;300;3;0.04;5;2600;2400;1100;1;0.04;7;2500;2500;1250
27;1;1;1;1;2;1;0.04;5;1750;2150;400;3;0.04;3;1500;2000;300;3;0.08;7;3300;2000;1300;1;0.18;5;2500;3000;750
27;1;1;1;1;3;3;0.12;3;1750;2600;350;2;0.12;7;2000;3000;300;3;0.04;3;3900;1600;1100;1;0.08;7;1600;2000;1100
27;1;1;1;1;4;3;0.04;7;2700;2150;350;1;0.04;5;2000;3000;300;3;0.12;3;3300;1600;1100;2;0.18;3;1600;2000;950
27;1;1;1;1;4;3;0.18;5;2700;1750;450;1;0.18;5;2000;2500;400;3;0.04;5;2600;1600;900;1;0.04;3;2100;3000;950
27;1;1;1;1;1;2;0.08;3;2200;1750;400;1;0.08;3;1500;2000;350;3;0.18;7;3900;2000;900;3;0.04;7;1600;3000;1100
27;1;1;1;1;3;1;0.08;3;2700;2600;450;3;0.08;3;1500;2500;400;3;0.08;5;3900;1600;1100;2;0.12;7;1600;2500;750
27;1;1;1;1;4;1;0.12;3;1750;2150;350;2;0.12;7;1500;2000;350;3;0.08;3;3300;2400;1300;3;0.08;5;2500;2500;750
27;1;1;1;1;4;2;0.08;7;2200;1750;400;1;0.08;5;2400;2500;350;3;0.12;3;2600;2000;900;3;0.08;5;2100;2500;1100
27;1;1;1;1;4;1;0.18;7;1750;1750;450;3;0.18;3;2400;3000;400;3;0.04;7;2600;2400;900;1;0.04;3;2500;2000;950
27;1;1;1;1;1;2;0.04;5;2200;2600;350;2;0.04;7;2400;2000;300;3;0.18;5;2600;2400;1300;2;0.12;3;2100;2000;750
28;1;1;1;1;3;1;0.08;5;1750;2150;350;3;0.08;5;1500;2000;200;3;0.04;5;3900;2400;950;2;0.18;5;2100;2500;1200
28;1;1;1;1;4;3;0.12;3;2200;2150;300;1;0.12;7;2400;3000;250;3;0.08;7;2600;1600;1150;2;0.04;3;2100;2000;1000
28;1;1;1;1;4;3;0.18;5;2200;2600;150;1;0.18;7;1500;2500;250;3;0.04;5;3300;2000;950;1;0.04;3;2100;2000;1400
28;1;1;1;1;1;2;0.08;3;2200;1750;350;1;0.08;3;2000;3000;200;3;0.08;7;2600;2000;950;3;0.12;7;2500;2000;1200
28;1;1;1;1;4;2;0.08;3;1750;2600;350;2;0.08;7;2000;2000;200;3;0.12;3;3900;2400;1150;1;0.08;5;1600;2000;1000
28;1;1;1;1;2;1;0.04;5;1750;2150;150;3;0.04;3;2400;2500;150;3;0.12;7;3900;1600;1350;1;0.18;3;1600;3000;1200
28;1;1;1;1;2;3;0.04;7;1750;2600;150;1;0.04;3;2400;2000;250;3;0.18;5;2600;2000;1350;2;0.12;3;2500;2500;1000
28;1;1;1;1;2;1;0.04;7;2700;1750;300;2;0.04;5;2000;3000;150;3;0.18;3;3300;1600;950;3;0.08;5;1600;2500;1400
28;1;1;1;1;3;1;0.18;7;2700;1750;150;2;0.18;3;1500;2500;150;3;0.04;3;2600;1600;1150;3;0.04;7;2500;3000;1400
28;1;1;1;1;3;2;0.12;3;2700;1750;300;3;0.12;5;1500;2000;150;3;0.08;3;3300;2400;1350;1;0.08;7;1600;3000;1000
29;1;1;1;1;2;1;0.08;5;1750;2150;350;3;0.08;5;1500;2000;200;3;0.04;5;3900;2400;950;2;0.18;5;2100;2500;1200
29;1;1;1;1;1;3;0.12;3;2200;2150;300;1;0.12;7;2400;3000;250;3;0.08;7;2600;1600;1150;2;0.04;3;2100;2000;1000
29;1;1;1;1;1;3;0.18;5;2200;2600;150;1;0.18;7;1500;2500;250;3;0.04;5;3300;2000;950;1;0.04;3;2100;2000;1400
29;1;1;1;1;1;2;0.08;3;2200;1750;350;1;0.08;3;2000;3000;200;3;0.08;7;2600;2000;950;3;0.12;7;2500;2000;1200
29;1;1;1;1;2;2;0.08;3;1750;2600;350;2;0.08;7;2000;2000;200;3;0.12;3;3900;2400;1150;1;0.08;5;1600;2000;1000
29;1;1;1;1;1;1;0.04;5;1750;2150;150;3;0.04;3;2400;2500;150;3;0.12;7;3900;1600;1350;1;0.18;3;1600;3000;1200
29;1;1;1;1;1;3;0.04;7;1750;2600;150;1;0.04;3;2400;2000;250;3;0.18;5;2600;2000;1350;2;0.12;3;2500;2500;1000
29;1;1;1;1;1;1;0.04;7;2700;1750;300;2;0.04;5;2000;3000;150;3;0.18;3;3300;1600;950;3;0.08;5;1600;2500;1400
29;1;1;1;1;2;1;0.18;7;2700;1750;150;2;0.18;3;1500;2500;150;3;0.04;3;2600;1600;1150;3;0.04;7;2500;3000;1400
29;1;1;1;1;2;2;0.12;3;2700;1750;300;3;0.12;5;1500;2000;150;3;0.08;3;3300;2400;1350;1;0.08;7;1600;3000;1000
30;1;1;1;1;3;1;0.08;5;1750;2150;350;3;0.08;5;1500;2000;200;3;0.04;5;3900;2400;950;2;0.18;5;2100;2500;1200
30;1;1;1;1;4;3;0.12;3;2200;2150;300;1;0.12;7;2400;3000;250;3;0.08;7;2600;1600;1150;2;0.04;3;2100;2000;1000
30;1;1;1;1;3;3;0.18;5;2200;2600;150;1;0.18;7;1500;2500;250;3;0.04;5;3300;2000;950;1;0.04;3;2100;2000;1400
30;1;1;1;1;1;2;0.08;3;2200;1750;350;1;0.08;3;2000;3000;200;3;0.08;7;2600;2000;950;3;0.12;7;2500;2000;1200
30;1;1;1;1;2;2;0.08;3;1750;2600;350;2;0.08;7;2000;2000;200;3;0.12;3;3900;2400;1150;1;0.08;5;1600;2000;1000
30;1;1;1;1;1;1;0.04;5;1750;2150;150;3;0.04;3;2400;2500;150;3;0.12;7;3900;1600;1350;1;0.18;3;1600;3000;1200
30;1;1;1;1;1;3;0.04;7;1750;2600;150;1;0.04;3;2400;2000;250;3;0.18;5;2600;2000;1350;2;0.12;3;2500;2500;1000
30;1;1;1;1;2;1;0.04;7;2700;1750;300;2;0.04;5;2000;3000;150;3;0.18;3;3300;1600;950;3;0.08;5;1600;2500;1400
30;1;1;1;1;3;1;0.18;7;2700;1750;150;2;0.18;3;1500;2500;150;3;0.04;3;2600;1600;1150;3;0.04;7;2500;3000;1400
30;1;1;1;1;4;2;0.12;3;2700;1750;300;3;0.12;5;1500;2000;150;3;0.08;3;3300;2400;1350;1;0.08;7;1600;3000;1000
31;1;1;1;1;2;1;0.08;5;1750;2150;350;3;0.08;5;1500;2000;200;3;0.04;5;3900;2400;950;2;0.18;5;2100;2500;1200
31;1;1;1;1;1;3;0.12;3;2200;2150;300;1;0.12;7;2400;3000;250;3;0.08;7;2600;1600;1150;2;0.04;3;2100;2000;1000
31;1;1;1;1;2;3;0.18;5;2200;2600;150;1;0.18;7;1500;2500;250;3;0.04;5;3300;2000;950;1;0.04;3;2100;2000;1400
31;1;1;1;1;1;2;0.08;3;2200;1750;350;1;0.08;3;2000;3000;200;3;0.08;7;2600;2000;950;3;0.12;7;2500;2000;1200
31;1;1;1;1;1;2;0.08;3;1750;2600;350;2;0.08;7;2000;2000;200;3;0.12;3;3900;2400;1150;1;0.08;5;1600;2000;1000
31;1;1;1;1;2;1;0.04;5;1750;2150;150;3;0.04;3;2400;2500;150;3;0.12;7;3900;1600;1350;1;0.18;3;1600;3000;1200
31;1;1;1;1;2;3;0.04;7;1750;2600;150;1;0.04;3;2400;2000;250;3;0.18;5;2600;2000;1350;2;0.12;3;2500;2500;1000
31;1;1;1;1;2;1;0.04;7;2700;1750;300;2;0.04;5;2000;3000;150;3;0.18;3;3300;1600;950;3;0.08;5;1600;2500;1400
31;1;1;1;1;3;1;0.18;7;2700;1750;150;2;0.18;3;1500;2500;150;3;0.04;3;2600;1600;1150;3;0.04;7;2500;3000;1400
31;1;1;1;1;4;2;0.12;3;2700;1750;300;3;0.12;5;1500;2000;150;3;0.08;3;3300;2400;1350;1;0.08;7;1600;3000;1000
32;1;1;1;1;2;1;0.08;5;1750;2150;350;3;0.08;5;1500;2000;200;3;0.04;5;3900;2400;950;2;0.18;5;2100;2500;1200
32;1;1;1;1;3;3;0.12;3;2200;2150;300;1;0.12;7;2400;3000;250;3;0.08;7;2600;1600;1150;2;0.04;3;2100;2000;1000
32;1;1;1;1;3;3;0.18;5;2200;2600;150;1;0.18;7;1500;2500;250;3;0.04;5;3300;2000;950;1;0.04;3;2100;2000;1400
32;1;1;1;1;2;2;0.08;3;2200;1750;350;1;0.08;3;2000;3000;200;3;0.08;7;2600;2000;950;3;0.12;7;2500;2000;1200
32;1;1;1;1;1;2;0.08;3;1750;2600;350;2;0.08;7;2000;2000;200;3;0.12;3;3900;2400;1150;1;0.08;5;1600;2000;1000
32;1;1;1;1;2;1;0.04;5;1750;2150;150;3;0.04;3;2400;2500;150;3;0.12;7;3900;1600;1350;1;0.18;3;1600;3000;1200
32;1;1;1;1;1;3;0.04;7;1750;2600;150;1;0.04;3;2400;2000;250;3;0.18;5;2600;2000;1350;2;0.12;3;2500;2500;1000
32;1;1;1;1;2;1;0.04;7;2700;1750;300;2;0.04;5;2000;3000;150;3;0.18;3;3300;1600;950;3;0.08;5;1600;2500;1400
32;1;1;1;1;3;1;0.18;7;2700;1750;150;2;0.18;3;1500;2500;150;3;0.04;3;2600;1600;1150;3;0.04;7;2500;3000;1400
32;1;1;1;1;2;2;0.12;3;2700;1750;300;3;0.12;5;1500;2000;150;3;0.08;3;3300;2400;1350;1;0.08;7;1600;3000;1000
33;1;1;1;1;2;1;0.08;5;1750;2150;350;3;0.08;5;1500;2000;200;3;0.04;5;3900;2400;950;2;0.18;5;2100;2500;1200
33;1;1;1;1;3;3;0.12;3;2200;2150;300;1;0.12;7;2400;3000;250;3;0.08;7;2600;1600;1150;2;0.04;3;2100;2000;1000
33;1;1;1;1;4;3;0.18;5;2200;2600;150;1;0.18;7;1500;2500;250;3;0.04;5;3300;2000;950;1;0.04;3;2100;2000;1400
33;1;1;1;1;1;2;0.08;3;2200;1750;350;1;0.08;3;2000;3000;200;3;0.08;7;2600;2000;950;3;0.12;7;2500;2000;1200
33;1;1;1;1;4;2;0.08;3;1750;2600;350;2;0.08;7;2000;2000;200;3;0.12;3;3900;2400;1150;1;0.08;5;1600;2000;1000
33;1;1;1;1;4;1;0.04;5;1750;2150;150;3;0.04;3;2400;2500;150;3;0.12;7;3900;1600;1350;1;0.18;3;1600;3000;1200
33;1;1;1;1;4;3;0.04;7;1750;2600;150;1;0.04;3;2400;2000;250;3;0.18;5;2600;2000;1350;2;0.12;3;2500;2500;1000
33;1;1;1;1;3;1;0.04;7;2700;1750;300;2;0.04;5;2000;3000;150;3;0.18;3;3300;1600;950;3;0.08;5;1600;2500;1400
33;1;1;1;1;4;1;0.18;7;2700;1750;150;2;0.18;3;1500;2500;150;3;0.04;3;2600;1600;1150;3;0.04;7;2500;3000;1400
33;1;1;1;1;4;2;0.12;3;2700;1750;300;3;0.12;5;1500;2000;150;3;0.08;3;3300;2400;1350;1;0.08;7;1600;3000;1000
34;1;1;1;1;1;1;0.08;5;1750;2150;350;3;0.08;5;1500;2000;200;3;0.04;5;3900;2400;950;2;0.18;5;2100;2500;1200
34;1;1;1;1;4;3;0.12;3;2200;2150;300;1;0.12;7;2400;3000;250;3;0.08;7;2600;1600;1150;2;0.04;3;2100;2000;1000
34;1;1;1;1;2;3;0.18;5;2200;2600;150;1;0.18;7;1500;2500;250;3;0.04;5;3300;2000;950;1;0.04;3;2100;2000;1400
34;1;1;1;1;3;2;0.08;3;2200;1750;350;1;0.08;3;2000;3000;200;3;0.08;7;2600;2000;950;3;0.12;7;2500;2000;1200
34;1;1;1;1;4;2;0.08;3;1750;2600;350;2;0.08;7;2000;2000;200;3;0.12;3;3900;2400;1150;1;0.08;5;1600;2000;1000
34;1;1;1;1;4;1;0.04;5;1750;2150;150;3;0.04;3;2400;2500;150;3;0.12;7;3900;1600;1350;1;0.18;3;1600;3000;1200
34;1;1;1;1;2;3;0.04;7;1750;2600;150;1;0.04;3;2400;2000;250;3;0.18;5;2600;2000;1350;2;0.12;3;2500;2500;1000
34;1;1;1;1;3;1;0.04;7;2700;1750;300;2;0.04;5;2000;3000;150;3;0.18;3;3300;1600;950;3;0.08;5;1600;2500;1400
34;1;1;1;1;1;1;0.18;7;2700;1750;150;2;0.18;3;1500;2500;150;3;0.04;3;2600;1600;1150;3;0.04;7;2500;3000;1400
34;1;1;1;1;2;2;0.12;3;2700;1750;300;3;0.12;5;1500;2000;150;3;0.08;3;3300;2400;1350;1;0.08;7;1600;3000;1000
35;1;1;1;1;3;1;0.08;5;1750;2150;350;3;0.08;5;1500;2000;200;3;0.04;5;3900;2400;950;2;0.18;5;2100;2500;1200
35;1;1;1;1;1;3;0.12;3;2200;2150;300;1;0.12;7;2400;3000;250;3;0.08;7;2600;1600;1150;2;0.04;3;2100;2000;1000
35;1;1;1;1;1;3;0.18;5;2200;2600;150;1;0.18;7;1500;2500;250;3;0.04;5;3300;2000;950;1;0.04;3;2100;2000;1400
35;1;1;1;1;1;2;0.08;3;2200;1750;350;1;0.08;3;2000;3000;200;3;0.08;7;2600;2000;950;3;0.12;7;2500;2000;1200
35;1;1;1;1;2;2;0.08;3;1750;2600;350;2;0.08;7;2000;2000;200;3;0.12;3;3900;2400;1150;1;0.08;5;1600;2000;1000
35;1;1;1;1;1;1;0.04;5;1750;2150;150;3;0.04;3;2400;2500;150;3;0.12;7;3900;1600;1350;1;0.18;3;1600;3000;1200
35;1;1;1;1;1;3;0.04;7;1750;2600;150;1;0.04;3;2400;2000;250;3;0.18;5;2600;2000;1350;2;0.12;3;2500;2500;1000
35;1;1;1;1;1;1;0.04;7;2700;1750;300;2;0.04;5;2000;3000;150;3;0.18;3;3300;1600;950;3;0.08;5;1600;2500;1400
35;1;1;1;1;2;1;0.18;7;2700;1750;150;2;0.18;3;1500;2500;150;3;0.04;3;2600;1600;1150;3;0.04;7;2500;3000;1400
35;1;1;1;1;2;2;0.12;3;2700;1750;300;3;0.12;5;1500;2000;150;3;0.08;3;3300;2400;1350;1;0.08;7;1600;3000;1000
